Product_ID,Product_Name,Aisle_ID
1,Chocolate Sandwich Cookies,61
2,All-Seasons Salt,104
3,Robust Golden Unsweetened Oolong Tea,94
4,Smart Ones Classic Favorites Mini Rigatoni With Vodka Cream Sauce,38
5,Green Chile Anytime Sauce,5
6,Dry Nose Oil,11
7,Pure Coconut Water With Orange,98
8,Cut Russet Potatoes Steam N' Mash,116
9,Light Strawberry Blueberry Yogurt,120
10,Sparkling Orange Juice & Prickly Pear Beverage,115
11,Peach Mango Juice,31
12,Chocolate Fudge Layer Cake,119
13,Saline Nasal Mist,11
14,Fresh Scent Dishwasher Cleaner,74
15,Overnight Diapers Size 6,56
16,Mint Chocolate Flavored Syrup,103
17,Rendered Duck Fat,35
18,Pizza for One Suprema  Frozen Pizza,79
19,Gluten Free Quinoa Three Cheese & Mushroom Blend,63
20,Pomegranate Cranberry & Aloe Vera Enrich Drink,98
21,Small & Medium Dental Dog Treats,40
22,Fresh Breath Oral Rinse Mild Mint,20
23,Organic Turkey Burgers,49
24,Tri-Vi-Sol® Vitamins A-C-and D Supplement Drops for Infants,47
25,Salted Caramel Lean Protein & Fiber Bar,3
26,Fancy Feast Trout Feast Flaked Wet Cat Food,41
27,Complete Spring Water Foaming Antibacterial Hand Wash,127
28,Wheat Chex Cereal,121
29,Fresh Cut Golden Sweet No Salt Added Whole Kernel Corn,81
30,"Three Cheese Ziti, Marinara with Meatballs",38
31,White Pearl Onions,123
32,Nacho Cheese White Bean Chips,107
33,Organic Spaghetti Style Pasta,131
34,Peanut Butter Cereal,121
35,Italian Herb Porcini Mushrooms Chicken Sausage,106
36,Traditional Lasagna with Meat Sauce Savory Italian Recipes,38
37,Noodle Soup Mix With Chicken Broth,69
38,Ultra Antibacterial Dish Liquid,100
39,Daily Tangerine Citrus Flavored Beverage,64
40,Beef Hot Links Beef Smoked Sausage With Chile Peppers,106
41,Organic Sourdough Einkorn Crackers Rosemary,78
42,Biotin 1000 mcg,47
43,Organic Clementines,123
44,Sparkling Raspberry Seltzer,115
45,European Cucumber,83
46,Raisin Cinnamon Bagels 5 count,58
47,Onion Flavor Organic Roasted Seaweed Snack,66
48,"School Glue, Washable, No Run",87
49,Vegetarian Grain Meat Sausages Italian - 4 CT,14
50,Pumpkin Muffin Mix,105
51,Sa Extra Hold Mousse Hair Styling,22
52,Mirabelle Brut Rose,134
53,Whole Leaf Pure Aloe With Lemon Juice,98
54,24/7 Performance Cat Litter,41
55,Lasting Color Shampoo,22
56,Healthy Pop Butter Popcorn,23
57,Flat Toothpicks,111
58,Whole Wheat Tortillas,128
59,Medium Taqueria Style Chipotle Salsa,50
60,Cheesy Creations Roasted Garlic Parmesan Sauce,9
61,Ramen Noodles Soup Chicken Mushroom Flavor,69
62,Premium Deli Oven Roasted Turkey Breast,96
63,Banana & Sweet Potato Organic Teething Wafers,92
64,Autumn Vegetable & Turkey Dinner with Lil' Bits Purees Dinner,92
65,Organic Red Wine & Olive Oil Dressing Organic,89
66,European Style Spring Mix,123
67,"Jelly, Blackberry",88
68,"Pancake Mix, Buttermilk",130
69,Vanilla with Almond Milk Iced Coffee,26
70,Sweet Cooking Rice Seasoning,66
71,Ultra 7 Inch Polypropylene Traditional Plates,111
72,Organic Honeycrisp Apples,100
73,Jasmine Tea Unfiltered Ginger Ale,77
74,Artisan Chick'n & Apple Sausage,14
75,"Hemp Protein, Organic",65
76,Spinach Basil Garlic Linguini,12
77,Coconut Chocolate Chip Energy Bar,3
78,Nutter Butter Cookie Bites Go-Pak,61
79,Wild Albacore Tuna No Salt Added,95
80,French  Tarragon Wine Vinegar,19
81,Blakes Chicken Parmesan Dinner,38
82,All Natural 100% Apple Juice,98
83,100% Whole Wheat Pita Bread,128
84,Lamb Shank,7
85,Soppressata Piccante,96
86,"Camilia, Single Liquid Doses",6
87,Classics Earl Grey Tea,94
88,Probiotics High Potency Capsules,47
89,Yogurt Fruit Dip Sliced Apples,123
90,Smorz Cereal,121
91,Kind Prenatal Once Daily,47
92,Meat In The Middle Large Rawhide Chews,40
93,Uncured Cracked Pepper Beef,23
94,Organic Blueberry Blitz Fruit & Veggie Smoothie Mashups,92
95,Organic Rice Vinegar,66
96,Sprinklez Confetti Fun Organic Toppings,97
97,Organic Chamomile Lemon Tea,94
98,2% Yellow American Cheese,2
99,Local Living Butter Lettuce,83
100,Peanut Butter & Strawberry Jam Sandwich,38
101,"Bread, Healthy Whole Grain",112
102,Danish Butter Cookies,61
103,Sprouted Kale Cracker,78
104,High Fiber Tomato Basil Soup,69
105,"Easy Grab 9\""x13\"" Oblong Glass Bakeware",10
106,Organic Yummy Tummy Maple & Brown Sugar Instant Oatmeal,92
107,Mild Salsa Divino,51
108,Organic Sprouted Barley Bread,112
109,Grape Leaf Hummus Wrap,13
110,Uncured Turkey Bologna,100
111,"Fabric Softener, Geranium Scent",75
112,Hot Tomatillo Salsa,51
113,Infant's Blend Probiotic,70
114,Light Savory Beef Barley Vegetable Soup,69
115,Scooby-Doo! Fruit Flavored Snacks,50
116,English Muffins,93
117,Petit Suisse Fruit,2
118,Ground Turkey Chub,34
119,Chardonnay Paso Robles,62
120,Cauliflower Florettes,123
121,Sharp Cheddar,21
122,Pomegranate Molasses,29
123,Sherry Reserve Vinegar,19
124,Sun Cups Dark Chocolate,45
125,Herbal Armor DEET-Free Natural Insect Repellant,118
126,Hot & Spicy Chicken Flavor Ramen Noodles,4
127,Marscapone,108
128,Organic Wild Blueberries,116
129,Traditional Chicken & Orzo with Lemon Soup,69
130,Vanilla Milk Chocolate Almond Ice Cream Bars Multi-Pack,37
131,Brioche Bachelor Loaf,93
132,Yogurt Strawberry Pomegranate,120
133,Purifying Daily Detox Scrub,109
134,Stain Release Boost In-Wash Stain Remover Pacs,75
135,Dark Chocolate Ice Cream Topping,103
136,Simple,45
137,Very Vanilla Soymilk,91
138,Olli Napoli Salami,96
139,"Zita Cut, No. 118",131
140,Chips Onion Chipotle Garlic,107
141,Restaurant Style Organic Chia & Quinoa Tortilla Chips,107
142,Arugula Salad,123
143,Organic Lemons,24
144,Coarse Grind Garlic Powder & Parsley Blend,104
145,Traditional Water Crackers,78
146,Anti Diarrheal Caplets,70
147,Organic Ranch Veggie Dip,67
148,Nectarines,24
149,Wild Blueberry All Natural Fruit Spread,88
150,Brut Rosé,134
151,Aromatherapaes Stress Reducing Lavender & Chamomile Spa Bath,132
152,"3 in 1 Soap for Every Man, Cucumber & Lemon",25
153,"Fabric Refresher Meadows & Rain Air Freshener (1 Count, 27 oz)  Air Care",75
154,"Corn Dogs, Mini, Honey Crunchy Flavor",129
155,Artisan Ciabatta,58
156,Extra Spearmint Sugar-Free Gum,46
157,Living Organic Cilantro,16
158,Smoked Ham & Oven Roasted Turkey Sub Sandwich Kit,96
159,"Calcium Adult Gummy Vitamins, Orange Cherry & Strawberry",47
160,100% Recycled Aluminum Foil,97
161,Hacho Miso Aged & Fermented Soybeans,66
162,Organic Mini Homestyle Waffles,52
163,Dressing Bleu Cheese,89
164,Peanut Butter Cacao Quinoa Clusters,3
165,Wild Chanterelle Mushroom Ravioli,12
166,Garlic Parmesan Pita Bread Chips,107
167,Sparkling Blush Grape Juice,77
168,Halves & Pieces Walnuts,17
169,Extra Sharp Cheddar Cheese,21
170,Single Herbs Ginkgo Leaf Dietary Supplement,47
171,Steakhouse Onion Burger with Garlic Seasoning,5
172,Gluten Free All Natural Chocolate Chip Cookies,61
173,Habanero Lime Shrimp Flavor Ramen Noodle Soup,4
174,Vanishing Acne Treatment Cream,73
175,T Bone Steak,122
176,Original Turkey,96
177,Citrus Terere Yerba Mate,94
178,Vegan Santa Fe Style Flour Tortilla Rolled Tacos,42
179,Penne Rigate With Spinach,131
180,Simply Beyond Black Bean Tortilla Chips,107
181,Country Style Baked Beans,59
182,Acti-Fresh Body Shape Long Unscented To Go Panty Liners,126
183,Cookie Dough Performance Energy,3
184,Kisses Milk Chocolate Candy,45
185,Chicken Nugget Meal,38
186,Fresh Scent Dishwasher Detergent with Dawn,74
187,Wild Sardines in Marinara Sauce,95
188,Mild El Nino Salsa,67
189,Healthfull Nuts & Seeds Bread,112
190,Classic Culinary Low Sodium Vegetable Broth,69
191,Medium Spicy Butter Chicken Simmer Sauce,9
192,Israeli Style Gefilte Fish,33
193,fruitwater® Strawberry Kiwi Sparkling Water,98
194,Lamb Rib Chops,122
195,Grade A Pasteurized 2% Milkfat Lowfat Cottage Cheese with Pineapple,108
196,Soda,77
197,Cold Brew Coffee Tahitian Vanilla,26
198,Tzatziki Cucumber Sauce,67
199,Herb Thyme Clamshell,16
200,Radiant Pantiliners Regular Wrapped Unscented,126
201,Sloppy Joe,38
202,Spinach & Feta Pierogi,38
203,"Rescue Remedy, Spray",11
204,Free & Clear Natural Laundry Detergent For Sensitive Skin,75
205,Chocolate Mint Cookie Crunch Nutrition Bar,3
206,Roasted Vegetable Soufflé,38
207,Minis Candy Bars,45
208,Vanilla Almond Cashew Almondmilk Cashewmilk Blend,91
209,Italian Pasta Salad,1
210,Homemade Hot Arrabbiata Fra Diavolo Sauce,9
211,Gluten Free Organic Cereal Coconut Maple Vanilla,130
212,Organic Blue Corn Sea Salt Tortilla Chips,107
213,Tapatio Salsa Picante Hot Sauce Tortilla Chips,107
214,Argan Oil of Morocco Renewing Weightless Healing Dry Oil Hair Oil,22
215,Sambal Oelek Ground Fresh Chili Paste,66
216,"Gluten Free Oatmeal, Variety Pack",130
217,"String Cheese, Mozzarella",108
218,"6\"" Organic Carrot Cake",8
219,Totz Toothbrush Extra Soft 18+ Months,82
220,Tegaderm Waterproof Transparent Dressing,118
221,Cayenne Lemonade Made With Raw Tristate Honey,31
222,Honey Nut Oatmeal Squares,121
223,Kiwi Strawberry Sparkling Water,115
224,Foaming Hand Soap Kid Watermelon,114
225,3 Seed Blue Corn Dipping Chips,107
226,Shaved Parmesan Cheese,21
227,Triple Chocolate Snack Size,45
228,Organic Soups Lentil,69
229,EcoNet Recycled Bath Sponge,109
230,Vanilla Cream Soda,77
231,Low Sodium Turkey,49
232,Blue Bottle Coffee Frozen Bar,37
233,Chinese Breakfast Black Tea,94
234,Tennessee Whiskey,124
235,Gluten Free Blueberry Muffin Mix,105
236,Chicken Meatballs Dog Treats,40
237,Brambleberry Herbal Tea,94
238,Alpha-Bits Multigrain Cereal,121
239,Chicharrones Picante Flavor Pork Rinds,107
240,Nature's Seasons Seasoning Blend,104
241,Shrimp with Pasta & Vegetables,38
242,Original Red Twists,45
243,Taco Reduced Sodium Seasoning Mix,5
244,Organic Roasted Garlic Pasta Sauce,9
245,Poppy Seed Bagels,93
246,Triple-Acting Laundry Stain Remover,75
247,Perfectly Thymed Pita Crisps Baked,107
248,Dried Sweetened Cranberries,117
249,"Pinot Grigio, California, 2010",62
250,"Authentic Deep Dish, Spinach & Garlic Pizza",79
251,Extra Strength Melatonin Adult Gummies,47
252,"Waffles, Red Berry",121
253,Organic Vegetable Greens & Greens Juice Blend,31
254,Honey Mustard,72
255,"Cold Remedy, Quick Dissolve Tablets, Cherry Flavor",11
256,Island Fruits Fruit Snacks,50
257,Key Lime Soda,77
258,Vegetable Pot Pie,38
259,Imported Italian Solid Light Tuna In Pure Olive Oil,95
260,Cantaloupe,24
261,Organic Southwestern Burrito,38
262,Petite Dill Pickles,110
263,Red Food Color,97
264,Non-Fat Blueberry on the Bottom Greek Yogurt,120
265,Glass Storage Container with Green Silicone Protection,85
266,Rio Berry,64
267,Triple Chocolate Ripple,37
268,Sponge Mop,114
269,Stuffed Crust Five Cheese Pizza,79
270,OneZip Storage Bags Quart Size Value Pack,85
271,TAI PEI      14OZ.SWEET & SOUR CHKN,38
272,Propolis Herbal Supplement,47
273,Thin Stackers Brown Rice  Salt Free,107
274,Snack Bags,87
275,Caramel Sauce,103
276,French Vanilla Ice Cream,37
277,Diet Root Beer,77
278,Instant Mashed Potatoes,4
279,Everyday Detox Dandelion Tea,94
280,Makeup Remover Cleansing Towelettes,73
281,Chai Tea Bags,94
282,Oh My Cod! Cod Pate and Vegetables Cat Food,40
283,Organic Whole Wheat Elbows,131
284,Organic Spicy Heirloom Marinara Sauce,9
285,Mini Nilla Wafers Munch Pack,61
286,Lite Poppy Seed Dressing Lite,89
287,Turkey,96
288,Original Sprouted Grains Protein & Fiber Hot Oatmeal,130
289,100% Juice No Sugar Added Fruit Punch,98
290,Organic Peppermint Lemonade,31
291,Mint Dental Floss,20
292,Fresh Multi-Purpose Contact Lens Solution,44
293,Prime Filets Chicken & Tuna Dinner in Gravy Cat Food,41
294,Minis Original Saltine Crackers,78
295,Chewables Extra Strength Cherry Creme - 48 CT,70
296,For Men Odor Armor Body Wash,127
297,"Write Bros Ball Point Pens, Cap-Pen, Medium (1.0 mm), Black Ink",100
298,Brisk With Lemon Iced Tea,94
299,Organic Apple Spinach Kale Coconut Water Superjuice,98
300,Organic Enriched Unbleached White Flour,17
301,"Biotin 10,000mcg Maximum Strength",47
302,Gourmet Dog Treats Bone,40
303,"Candy, Original",45
304,Dry Roasted Pistachios,117
305,Wild Forest Raw Neem Honey,29
306,Gold Potatoes,83
307,Precious Mozzarella Cheese,21
308,Advanced Haircare Color Vibrancy Nourishing Shampoo,22
309,Graduates Lil' Entrees Spiral Pasta In Turkey Meat Sauce With Green & Yellow Beans,92
310,"Crackers, Puffed, Corn, Quinoa & Sesame",78
311,Naturals Savory Turkey Breakfast Sausage,52
312,Juicing Carrots,83
313,Peppermint/Banana Split Variety Pack Frozen Dairy Dessert Cones,37
314,Extra Whitening Multi-Benefit Fluoride Toothpaste,20
315,Creamy Italian Dressing Marinade,89
316,Revive Anti-Perspirant Deodorant,80
317,Best Grains Honey & Crunch Oat Bread,112
318,Apple Cinnamon Crisp Candle,101
319,Steamfresh Chef's Favorites Lightly Sauced Roasted Red Potatoes & Green Beans,116
320,"Glycerine Soap, Pure and Natural, Cucumber",25
321,Echinacea Goldenseal Alcohol Free Extract,47
322,Brooklyn Pizza Dough,79
323,Natural Food Color Packets,17
324,Strong & Kind Roasted Jalapeno Almond Protein Bar,3
325,Veggie-Style Mini Corn Dogs,42
326,Deluxe Sauce Made with 2% Milk Cheese Macaroni & Cheese Dinner,4
327,"Green Peas, Organic, Petite",116
328,Disinfectant Spray Cherry Blossom & Pomegranate Scent,101
329,Organic Whole Grassmilk Milk,84
330,Chilpotles in Adobo Sauce,30
331,Organic Lemon Gingersnap,61
332,Raspberry Fig Bars,3
333,Basil Daly Bar Soap,25
334,Sparkling Raspberry Lemonade Water Beverage,115
335,Blueberry Kombucha,31
336,Black Currant Kombucha,31
337,"Soap, Pure-Castile, 18-in-1 Hemp, Lavender",25
338,Yahrzeit Light Memorial Candle,33
339,Creamline Yogurt Wild Blueberry,120
340,Eco-Pac Kamut Puffs Cereal,121
341,Cheese Creations Four Cheese Cheese Sauce,9
342,"Complete Health Deboned Chicken, Chicken Meal and Rice Cat Food",41
343,Organic Whole Peeled Baby Carrots,123
344,Lime Sherbet,37
345,Extra Strength Berry,64
346,Sunflower Bread,112
347,"Vegetable Salad Kit, Sweet Kale",123
348,Super Slimming Herbal Tea,94
349,Organic Granulated Tapioca,17
350,Mixed 12 Pack Lion's Share Ale,27
351,Go Fresh Nutrium Moisture Body Wash Blue Fig & Orange Blossom Scent,127
352,Colby Jack & Mild Cheddar Combo Pack,21
353,Tzatziki Greek Yogurt Dip,67
354,Twist n Loc Small Round Containers + Lids,85
355,Ground Flaxseed With Mixed Berries,117
356,Ristorante Pizza Spinaci Thin Crust Pizza,79
357,White Writing Gel,97
358,Frozen All Butter Pound Cake,119
359,Deli Thin-Sliced Honey Ham,96
360,Whole Wheat Spanakopita,129
361,Day and Night Multi-Symptom and Severe Cold & Cough Pain Reliever/Fever Reducer,11
362,Pound Cake Cake Mix,105
363,Water Crackers Original All Natural,78
364,Greener Selection Salad,123
365,Cheerios Cereal,121
366,Vitamin C 1000 Mg Tropical Drink Mix Dietary Supplement,47
367,Ultimate Omega 1000 mg Lemon Soft Gels,47
368,Fabric Softener Dryer Sheet Free & Gentle 200CT Fabric Enhancers,75
369,New Mexico Chili,30
370,Chocolate Caramel Whey Protein Bar,3
371,Juniper Berry Soda,77
372,Moisture Rich Sweet Orange & Argan Conditioner,22
373,Honey Glazed Carrots,116
374,Sliced Kosher Salami,96
375,Multigrain Spaghetti Style Pasta,131
376,Even & Bright Pink Lemon and Mandarin Orange Body Wash,127
377,Chunky Beef with Vegetables & Brown Rice Dog Food,40
378,Powerball Quantum Max Shine & Protect Automatic Dishwasher Detergent,74
379,Super Dry Beer,27
380,Clementine Bag,123
381,Toaster Pops Strawberry,52
382,Sugar Free Mint Patties,45
383,Breaded Chicken Breast Tenders,34
384,EverCurl Hydracharge Conditioner,22
385,Liquid Drink Mix Blackberry Lemonade,90
386,Real Chicken & Veggies Recipe Dog Food,40
387,Chocolate Brownie Flavor Protein Bar,3
388,Stove Top Stuffing Mix for Turkey,4
389,Mache Blend,123
390,Super Enzymes,47
391,Organic Yukon Gold Potato Bag,83
392,OPA Greek Yogurt Ranch Dressing,89
393,Phoenix Anti-Perspirant & Deodorant Stick Twin Pack,80
394,Aquaphor Healing Ointment,127
395,Sweet Cream Buttermilk Powder,17
396,Cashews Natural Unsalted,37
397,Pure Granulated Cane Sugar,17
398,Organic Hard Candy Blood Orange and Honey,45
399,Organic Strawberry Lemon-ade,31
400,Grass-Fed Yogurt Blueberry Cardamom,120
401,"Flat Floss, Antiplaque, Naturally Waxed, Spearmint",20
402,100% Pure Beef Homestyle Patties,34
403,Ultra Thin Pastrami,96
404,Reg; Organic Apple Cider Vinegar 16 Fl Oz,19
405,100% Organic Diced Tomatoes,81
406,Vanilla Almond Protein Bar,3
407,Almond Glow Almond Body Lotion/Massage Oil,109
408,Pink Vitamin C 1000 Mg Pink Lemonade Drink Mix,47
409,Original Bite Size Candies Natural & Artificial Flavors Fun Size,45
410,Holiday Sugar Plum Spice Herbal Tea,94
411,Super Plus Cardboard Applicator Unscented Tampons,126
412,Brazilian Keratin & Argan Oil Leave-In Conditioning & Styling Elixir,22
413,Dual Action Beta Immune and Anti-Oxidant Effervescent Citrus,11
414,Gluten Free Chicken Rustica Pizza,79
415,16 oz Cold Cups,111
416,Laundry Soil Stain Remover,75
417,Classics Baby Binks Easter Chocolate Bunny,100
418,Whole Grain Linguine Pasta,131
419,Light & Fit Strawberry Cheesecake Greek Nonfat Yogurt,120
420,International Cafe French Vanilla Mix,26
421,Garlic & Herb Fresh Goat Cheese,21
422,Mix-Up Flamin' Hot & Cheezy Mix Flavored Snack Mix,107
423,Red Jalapeno Caesar Dressing,89
424,Linguine Pasta,131
425,Sardines in Water Salt Added,33
426,2nd Foods Bananas,92
427,Italian Style Panko Breadcrumbs,5
428,Everyday Mega Pack Paper Plates,111
429,Dark Red Kidney Beans,59
430,Born Yesterday Pale Ale,27
431,"Ice Cream, Cookies & Cream",37
432,Vanilla Almond Breeze Almond Milk,91
433,Organic Whole Granulation Roasted Buckwheat Groats,107
434,Beach Sage Liquid Fabric Softener,75
435,Dark Chocolate Raisins,50
436,Petite Brussels Sprouts,116
437,Strawberry Cheesecake Nonfat Yogurt,100
438,Special K Vanilla Cappuccino Protein Breakfast Shakes,48
439,Crispy Cinnamon Pear Chips,50
440,Crossovers Olive Thyme Almond,100
441,Antioxidant Cranberry Body Wash,25
442,Sliced Chicken Entree Cat Food,41
443,Ultra Power Plus Laundry Detergent 54 loads,75
444,Special Recipe Italian Bread,112
445,Almond Honey Protein+ Bar,3
446,Blueberry Pomegranate Acaí Cultured Goat Milk Kefir,120
447,"Tea, Superflower, Hibiscus, Blueberry, Caffeine-Free, Bags",94
448,White Chicken Chili,59
449,Chips Ahoy! Chewy Cookies,61
450,Chow Mein Thin Noodles,4
451,"Almond Spread, Dark Chocolate",88
452,Sleepytime Sinus Soother Herbal Tea,94
453,Hummus Wrap,13
454,Sloppy Joe Sauce,51
455,Ibuprofen Liquid Gels,133
456,Sparkling Blueberry,77
457,Whole Wheat Fig Bar,48
458,Total Advanced Floss Tip Medium Toothbrush,20
459,Honey Vanilla Greek Yogurt,120
460,Acai Dragonfruit Melon Green Tea,94
461,Sore Throat Wild Cherry Lozenges,11
462,Fiber 4g Gummy Dietary Supplement,70
463,Salt Free Seasoning,104
464,Liquid Water Enhancer Peach Green Tea With Ginseng & Honey,90
465,100% Natural Just Peaches,50
466,Old Fashioned Vegetable Beef Soup,69
467,"Soup, Lower Sodium, Organic, Split Pea",69
468,Kabocha Squash,83
469,Whipping Cream,53
470,Lite Beer,27
471,Half 'n Half Lemonade Tea,94
472,Fancy Diced Hot Chilies,100
473,Plastic Measuring Cups,10
474,Lavender Body Wash,25
475,Organic Reposado Tequila,124
476,Chub Mackerel,95
477,Naturally Aged Cheddar Cheese Block Hot Habanero,21
478,Organic Pitted Kalamata Olives,110
479,Most Wanted Cabernet Sauvignon Red Wine,28
480,Slow Churned Mint Chocolate Chip Ice Cream,37
481,Black Peppercorns,104
482,"Gentle Clean Foaming Face Cleanser, 6.7 fl oz Female Skin Care",73
483,"\""Constant Comment\"" Decaffeinated Black Tea Blend",94
484,Plain Greek Goat Yogurt,120
485,Country Stew Choice Cuts In Gravy Dog Food,40
486,Lowfat Raspberry Kefir Probiotic Cultured Milk Smoothie,120
487,"Can/Bottle Opener, Chrome",10
488,Organic Orange Turmeric Juice,31
489,Dough for Turnover Pastries,58
490,Gin Gins Candy,45
491,Pompelmo Water,100
492,"Couscous, Israeli, Garlic Jalapeno",63
493,Pear and Blueberry Baby Breakfast,92
494,Yellow Cherry Tomato,83
495,Pure Cane Granulated W/Spout Sugar,17
496,Designer 9 Oz. Paper Cups,111
497,Mascarpone Pistachio Caramel Gelato,37
498,Daily Moisture Shampoo,22
499,Aspirin 325 Mg,133
500,Non-Scratch Scrub Sponges,114
